﻿"REF_DATE","GEO","DGUID","Statistics","UOM","UOM_ID","SCALAR_FACTOR","SCALAR_ID","VECTOR","COORDINATE","VALUE","STATUS","SYMBOL","TERMINATED","DECIMALS"
"2018","Canada","2016A000011124","Crime severity index","Index","160","units","0","v44312461","1.1","75.61","","","","2"
"2019","Canada","2016A000011124","Crime severity index","Index","160","units","0","v44312461","1.1","79.75","","","","2"
"2020","Canada","2016A000011124","Crime severity index","Index","160","units","0","v44312461","1.1","73.96","","","","2"
"2021","Canada","2016A000011124","Crime severity index","Index","160","units","0","v44312461","1.1","74.90","","","","2"
"2022","Canada","2016A000011124","Crime severity index","Index","160","units","0","v44312461","1.1","78.10","","","","2"
"2018","Canada","2016A000011124","Percent change in crime severity index","Percent","239","units","0","v44312462","1.2","2.73","","","","2"
"2019","Canada","2016A000011124","Percent change in crime severity index","Percent","239","units","0","v44312462","1.2","5.48","","","","2"
"2020","Canada","2016A000011124","Percent change in crime severity index","Percent","239","units","0","v44312462","1.2","-7.26","","","","2"
"2021","Canada","2016A000011124","Percent change in crime severity index","Percent","239","units","0","v44312462","1.2","1.27","","","","2"
"2022","Canada","2016A000011124","Percent change in crime severity index","Percent","239","units","0","v44312462","1.2","4.27","","","","2"
"2018","Canada","2016A000011124","Violent crime severity index","Index","160","units","0","v44312463","1.3","83.55","","","","2"
"2019","Canada","2016A000011124","Violent crime severity index","Index","160","units","0","v44312463","1.3","90.28","","","","2"
"2020","Canada","2016A000011124","Violent crime severity index","Index","160","units","0","v44312463","1.3","88.04","","","","2"
"2021","Canada","2016A000011124","Violent crime severity index","Index","160","units","0","v44312463","1.3","93.43","","","","2"
"2022","Canada","2016A000011124","Violent crime severity index","Index","160","units","0","v44312463","1.3","97.74","","","","2"
"2018","Canada","2016A000011124","Percent change in violent crime severity index","Percent","239","units","0","v44312464","1.4","2.81","","","","2"
"2019","Canada","2016A000011124","Percent change in violent crime severity index","Percent","239","units","0","v44312464","1.4","8.06","","","","2"
"2020","Canada","2016A000011124","Percent change in violent crime severity index","Percent","239","units","0","v44312464","1.4","-2.48","","","","2"
"2021","Canada","2016A000011124","Percent change in violent crime severity index","Percent","239","units","0","v44312464","1.4","6.12","","","","2"
"2022","Canada","2016A000011124","Percent change in violent crime severity index","Percent","239","units","0","v44312464","1.4","4.61","","","","2"
"2018","Canada","2016A000011124","Non-violent crime severity index","Index","160","units","0","v44312465","1.5","72.58","","","","2"
"2019","Canada","2016A000011124","Non-violent crime severity index","Index","160","units","0","v44312465","1.5","75.78","","","","2"
"2020","Canada","2016A000011124","Non-violent crime severity index","Index","160","units","0","v44312465","1.5","68.72","","","","2"
"2021","Canada","2016A000011124","Non-violent crime severity index","Index","160","units","0","v44312465","1.5","68.13","","","","2"
"2022","Canada","2016A000011124","Non-violent crime severity index","Index","160","units","0","v44312465","1.5","70.91","","","","2"
"2018","Canada","2016A000011124","Percent change in non-violent crime severity index","Percent","239","units","0","v44312466","1.6","2.72","","","","2"
"2019","Canada","2016A000011124","Percent change in non-violent crime severity index","Percent","239","units","0","v44312466","1.6","4.41","","","","2"
"2020","Canada","2016A000011124","Percent change in non-violent crime severity index","Percent","239","units","0","v44312466","1.6","-9.32","","","","2"
"2021","Canada","2016A000011124","Percent change in non-violent crime severity index","Percent","239","units","0","v44312466","1.6","-0.86","","","","2"
"2022","Canada","2016A000011124","Percent change in non-violent crime severity index","Percent","239","units","0","v44312466","1.6","4.08","","","","2"
"2018","Canada","2016A000011124","Youth crime severity index","Index","160","units","0","v53079455","1.7","56.58","","","","2"
"2019","Canada","2016A000011124","Youth crime severity index","Index","160","units","0","v53079455","1.7","55.10","","","","2"
"2020","Canada","2016A000011124","Youth crime severity index","Index","160","units","0","v53079455","1.7","43.02","","","","2"
"2021","Canada","2016A000011124","Youth crime severity index","Index","160","units","0","v53079455","1.7","41.61","","","","2"
"2022","Canada","2016A000011124","Youth crime severity index","Index","160","units","0","v53079455","1.7","50.19","","","","2"
"2018","Canada","2016A000011124","Percent change in youth crime severity index","Percent","239","units","0","v53079456","1.8","-9.73","","","","2"
"2019","Canada","2016A000011124","Percent change in youth crime severity index","Percent","239","units","0","v53079456","1.8","-2.62","","","","2"
"2020","Canada","2016A000011124","Percent change in youth crime severity index","Percent","239","units","0","v53079456","1.8","-21.92","","","","2"
"2021","Canada","2016A000011124","Percent change in youth crime severity index","Percent","239","units","0","v53079456","1.8","-3.28","","","","2"
"2022","Canada","2016A000011124","Percent change in youth crime severity index","Percent","239","units","0","v53079456","1.8","20.62","","","","2"
"2018","Canada","2016A000011124","Youth violent crime severity index","Index","160","units","0","v53079457","1.9","77.04","","","","2"
"2019","Canada","2016A000011124","Youth violent crime severity index","Index","160","units","0","v53079457","1.9","79.82","","","","2"
"2020","Canada","2016A000011124","Youth violent crime severity index","Index","160","units","0","v53079457","1.9","66.92","","","","2"
"2021","Canada","2016A000011124","Youth violent crime severity index","Index","160","units","0","v53079457","1.9","64.99","","","","2"
"2022","Canada","2016A000011124","Youth violent crime severity index","Index","160","units","0","v53079457","1.9","82.77","","","","2"
"2018","Canada","2016A000011124","Percent change in youth violent crime severity index","Percent","239","units","0","v53079920","1.10","-4.31","","","","2"
"2019","Canada","2016A000011124","Percent change in youth violent crime severity index","Percent","239","units","0","v53079920","1.10","3.61","","","","2"
"2020","Canada","2016A000011124","Percent change in youth violent crime severity index","Percent","239","units","0","v53079920","1.10","-16.16","","","","2"
"2021","Canada","2016A000011124","Percent change in youth violent crime severity index","Percent","239","units","0","v53079920","1.10","-2.88","","","","2"
"2022","Canada","2016A000011124","Percent change in youth violent crime severity index","Percent","239","units","0","v53079920","1.10","27.36","","","","2"
"2018","Canada","2016A000011124","Youth non-violent crime severity index","Index","160","units","0","v53079447","1.11","42.10","","","","2"
"2019","Canada","2016A000011124","Youth non-violent crime severity index","Index","160","units","0","v53079447","1.11","37.72","","","","2"
"2020","Canada","2016A000011124","Youth non-violent crime severity index","Index","160","units","0","v53079447","1.11","26.32","","","","2"
"2021","Canada","2016A000011124","Youth non-violent crime severity index","Index","160","units","0","v53079447","1.11","25.28","","","","2"
"2022","Canada","2016A000011124","Youth non-violent crime severity index","Index","160","units","0","v53079447","1.11","27.45","","","","2"
"2018","Canada","2016A000011124","Percent change in youth non-violent crime severity index","Percent","239","units","0","v53079448","1.12","-15.68","","","","2"
"2019","Canada","2016A000011124","Percent change in youth non-violent crime severity index","Percent","239","units","0","v53079448","1.12","-10.40","","","","2"
"2020","Canada","2016A000011124","Percent change in youth non-violent crime severity index","Percent","239","units","0","v53079448","1.12","-30.22","","","","2"
"2021","Canada","2016A000011124","Percent change in youth non-violent crime severity index","Percent","239","units","0","v53079448","1.12","-3.95","","","","2"
"2022","Canada","2016A000011124","Percent change in youth non-violent crime severity index","Percent","239","units","0","v53079448","1.12","8.58","","","","2"
"2018","Canada","2016A000011124","Weighted clearance rate","Number","223","units","0","v53079449","1.13","38.65","","","","2"
"2019","Canada","2016A000011124","Weighted clearance rate","Number","223","units","0","v53079449","1.13","37.02","","","","2"
"2020","Canada","2016A000011124","Weighted clearance rate","Number","223","units","0","v53079449","1.13","37.36","","","","2"
"2021","Canada","2016A000011124","Weighted clearance rate","Number","223","units","0","v53079449","1.13","36.84","","","","2"
"2022","Canada","2016A000011124","Weighted clearance rate","Number","223","units","0","v53079449","1.13","35.82","","","","2"
"2018","Canada","2016A000011124","Percent change in weighted clearance rate","Percent","239","units","0","v53079450","1.14","-3.08","","","","2"
"2019","Canada","2016A000011124","Percent change in weighted clearance rate","Percent","239","units","0","v53079450","1.14","-4.22","","","","2"
"2020","Canada","2016A000011124","Percent change in weighted clearance rate","Percent","239","units","0","v53079450","1.14","0.92","","","","2"
"2021","Canada","2016A000011124","Percent change in weighted clearance rate","Percent","239","units","0","v53079450","1.14","-1.39","","","","2"
"2022","Canada","2016A000011124","Percent change in weighted clearance rate","Percent","239","units","0","v53079450","1.14","-2.77","","","","2"
"2018","Canada","2016A000011124","Violent weighted clearance rate","Number","223","units","0","v53079451","1.15","61.52","","","","2"
"2019","Canada","2016A000011124","Violent weighted clearance rate","Number","223","units","0","v53079451","1.15","58.23","","","","2"
"2020","Canada","2016A000011124","Violent weighted clearance rate","Number","223","units","0","v53079451","1.15","58.74","","","","2"
"2021","Canada","2016A000011124","Violent weighted clearance rate","Number","223","units","0","v53079451","1.15","56.01","","","","2"
"2022","Canada","2016A000011124","Violent weighted clearance rate","Number","223","units","0","v53079451","1.15","55.56","","","","2"
"2018","Canada","2016A000011124","Percent change in violent weighted clearance rate","Percent","239","units","0","v53079452","1.16","-3.39","","","","2"
"2019","Canada","2016A000011124","Percent change in violent weighted clearance rate","Percent","239","units","0","v53079452","1.16","-5.35","","","","2"
"2020","Canada","2016A000011124","Percent change in violent weighted clearance rate","Percent","239","units","0","v53079452","1.16","0.88","","","","2"
"2021","Canada","2016A000011124","Percent change in violent weighted clearance rate","Percent","239","units","0","v53079452","1.16","-4.65","","","","2"
"2022","Canada","2016A000011124","Percent change in violent weighted clearance rate","Percent","239","units","0","v53079452","1.16","-0.80","","","","2"
"2018","Canada","2016A000011124","Non-violent weighted clearance rate","Number","223","units","0","v53079453","1.17","29.19","","","","2"
"2019","Canada","2016A000011124","Non-violent weighted clearance rate","Number","223","units","0","v53079453","1.17","27.93","","","","2"
"2020","Canada","2016A000011124","Non-violent weighted clearance rate","Number","223","units","0","v53079453","1.17","27.51","","","","2"
"2021","Canada","2016A000011124","Non-violent weighted clearance rate","Number","223","units","0","v53079453","1.17","26.33","","","","2"
"2022","Canada","2016A000011124","Non-violent weighted clearance rate","Number","223","units","0","v53079453","1.17","24.95","","","","2"
"2018","Canada","2016A000011124","Percent change in non-violent weighted clearance rate","Percent","239","units","0","v53079454","1.18","-2.83","","","","2"
"2019","Canada","2016A000011124","Percent change in non-violent weighted clearance rate","Percent","239","units","0","v53079454","1.18","-4.32","","","","2"
"2020","Canada","2016A000011124","Percent change in non-violent weighted clearance rate","Percent","239","units","0","v53079454","1.18","-1.50","","","","2"
"2021","Canada","2016A000011124","Percent change in non-violent weighted clearance rate","Percent","239","units","0","v53079454","1.18","-4.29","","","","2"
"2022","Canada","2016A000011124","Percent change in non-violent weighted clearance rate","Percent","239","units","0","v53079454","1.18","-5.24","","","","2"


