﻿REF_DATE,GEO,DGUID,Age group,Sex,Indicators,Characteristics,VALUE
2015,Canada (excluding territories),,"Total, 12 years and over",Both sexes,"Fruit and vegetable consumption, 5 times or more per day",Number of persons,8979400
2016,Canada (excluding territories),,"Total, 12 years and over",Both sexes,"Fruit and vegetable consumption, 5 times or more per day",Number of persons,8647200
2017,Canada (excluding territories),,"Total, 12 years and over",Both sexes,"Fruit and vegetable consumption, 5 times or more per day",Number of persons,8323700
2015,Canada (excluding territories),,"Total, 12 years and over",Both sexes,"Fruit and vegetable consumption, 5 times or more per day",Percent,31.5
2016,Canada (excluding territories),,"Total, 12 years and over",Both sexes,"Fruit and vegetable consumption, 5 times or more per day",Percent,30
2017,Canada (excluding territories),,"Total, 12 years and over",Both sexes,"Fruit and vegetable consumption, 5 times or more per day",Percent,28.6
2015,Canada (excluding territories),,12 to 17 years,Both sexes,"Fruit and vegetable consumption, 5 times or more per day",Number of persons,605700
2016,Canada (excluding territories),,12 to 17 years,Both sexes,"Fruit and vegetable consumption, 5 times or more per day",Number of persons,577000
2017,Canada (excluding territories),,12 to 17 years,Both sexes,"Fruit and vegetable consumption, 5 times or more per day",Number of persons,542000
2015,Canada (excluding territories),,12 to 17 years,Both sexes,"Fruit and vegetable consumption, 5 times or more per day",Percent,31.3
2016,Canada (excluding territories),,12 to 17 years,Both sexes,"Fruit and vegetable consumption, 5 times or more per day",Percent,29.1
2017,Canada (excluding territories),,12 to 17 years,Both sexes,"Fruit and vegetable consumption, 5 times or more per day",Percent,27.5
2015,Canada (excluding territories),,18 to 34 years,Both sexes,"Fruit and vegetable consumption, 5 times or more per day",Number of persons,2435600
2016,Canada (excluding territories),,18 to 34 years,Both sexes,"Fruit and vegetable consumption, 5 times or more per day",Number of persons,2358600
2017,Canada (excluding territories),,18 to 34 years,Both sexes,"Fruit and vegetable consumption, 5 times or more per day",Number of persons,2133600
2015,Canada (excluding territories),,18 to 34 years,Both sexes,"Fruit and vegetable consumption, 5 times or more per day",Percent,31.3
2016,Canada (excluding territories),,18 to 34 years,Both sexes,"Fruit and vegetable consumption, 5 times or more per day",Percent,30.4
2017,Canada (excluding territories),,18 to 34 years,Both sexes,"Fruit and vegetable consumption, 5 times or more per day",Percent,27.1
2015,Canada (excluding territories),,35 to 49 years,Both sexes,"Fruit and vegetable consumption, 5 times or more per day",Number of persons,2241100
2016,Canada (excluding territories),,35 to 49 years,Both sexes,"Fruit and vegetable consumption, 5 times or more per day",Number of persons,2195600
2017,Canada (excluding territories),,35 to 49 years,Both sexes,"Fruit and vegetable consumption, 5 times or more per day",Number of persons,2067100
2015,Canada (excluding territories),,35 to 49 years,Both sexes,"Fruit and vegetable consumption, 5 times or more per day",Percent,32.9
2016,Canada (excluding territories),,35 to 49 years,Both sexes,"Fruit and vegetable consumption, 5 times or more per day",Percent,32.1
2017,Canada (excluding territories),,35 to 49 years,Both sexes,"Fruit and vegetable consumption, 5 times or more per day",Percent,30.1
2015,Canada (excluding territories),,50 to 64 years,Both sexes,"Fruit and vegetable consumption, 5 times or more per day",Number of persons,2198000
2016,Canada (excluding territories),,50 to 64 years,Both sexes,"Fruit and vegetable consumption, 5 times or more per day",Number of persons,2051300
2017,Canada (excluding territories),,50 to 64 years,Both sexes,"Fruit and vegetable consumption, 5 times or more per day",Number of persons,2005200
2015,Canada (excluding territories),,50 to 64 years,Both sexes,"Fruit and vegetable consumption, 5 times or more per day",Percent,30.6
2016,Canada (excluding territories),,50 to 64 years,Both sexes,"Fruit and vegetable consumption, 5 times or more per day",Percent,28.4
2017,Canada (excluding territories),,50 to 64 years,Both sexes,"Fruit and vegetable consumption, 5 times or more per day",Percent,27.8
2015,Canada (excluding territories),,65 years and over,Both sexes,"Fruit and vegetable consumption, 5 times or more per day",Number of persons,1498900
2016,Canada (excluding territories),,65 years and over,Both sexes,"Fruit and vegetable consumption, 5 times or more per day",Number of persons,1464700
2017,Canada (excluding territories),,65 years and over,Both sexes,"Fruit and vegetable consumption, 5 times or more per day",Number of persons,1575800
2015,Canada (excluding territories),,65 years and over,Both sexes,"Fruit and vegetable consumption, 5 times or more per day",Percent,31.5
2016,Canada (excluding territories),,65 years and over,Both sexes,"Fruit and vegetable consumption, 5 times or more per day",Percent,29.5
2017,Canada (excluding territories),,65 years and over,Both sexes,"Fruit and vegetable consumption, 5 times or more per day",Percent,30.6
