﻿REF_DATE,GEO,DGUID,Age group,Sex,Income group,Characteristics,UOM,SCALAR_FACTOR,VALUE
2015/2017,Canada,2016A000011124,At birth,Both sexes,All income groups,Health-adjusted life expectancy,Years,units,69.7
2015/2017,Canada,2016A000011124,At birth,Males,All income groups,Health-adjusted life expectancy,Years,units,68.9
2015/2017,Canada,2016A000011124,At birth,Females,All income groups,Health-adjusted life expectancy,Years,units,70.4
2015/2017,Newfoundland and Labrador,2016A000210,At birth,Both sexes,All income groups,Health-adjusted life expectancy,Years,units,66.4
2015/2017,Newfoundland and Labrador,2016A000210,At birth,Males,All income groups,Health-adjusted life expectancy,Years,units,66.4
2015/2017,Newfoundland and Labrador,2016A000210,At birth,Females,All income groups,Health-adjusted life expectancy,Years,units,66.3
2015/2017,Prince Edward Island,2016A000211,At birth,Both sexes,All income groups,Health-adjusted life expectancy,Years,units,70.3
2015/2017,Prince Edward Island,2016A000211,At birth,Males,All income groups,Health-adjusted life expectancy,Years,units,67.6
2015/2017,Prince Edward Island,2016A000211,At birth,Females,All income groups,Health-adjusted life expectancy,Years,units,72.5
2015/2017,Nova Scotia,2016A000212,At birth,Both sexes,All income groups,Health-adjusted life expectancy,Years,units,67.8
2015/2017,Nova Scotia,2016A000212,At birth,Males,All income groups,Health-adjusted life expectancy,Years,units,66.1
2015/2017,Nova Scotia,2016A000212,At birth,Females,All income groups,Health-adjusted life expectancy,Years,units,69.5
2015/2017,New Brunswick,2016A000213,At birth,Both sexes,All income groups,Health-adjusted life expectancy,Years,units,67.9
2015/2017,New Brunswick,2016A000213,At birth,Males,All income groups,Health-adjusted life expectancy,Years,units,67
2015/2017,New Brunswick,2016A000213,At birth,Females,All income groups,Health-adjusted life expectancy,Years,units,68.9
2015/2017,Quebec,2016A000224,At birth,Both sexes,All income groups,Health-adjusted life expectancy,Years,units,71.6
2015/2017,Quebec,2016A000224,At birth,Males,All income groups,Health-adjusted life expectancy,Years,units,71.2
2015/2017,Quebec,2016A000224,At birth,Females,All income groups,Health-adjusted life expectancy,Years,units,72
2015/2017,Ontario,2016A000235,At birth,Both sexes,All income groups,Health-adjusted life expectancy,Years,units,69.5
2015/2017,Ontario,2016A000235,At birth,Males,All income groups,Health-adjusted life expectancy,Years,units,68.9
2015/2017,Ontario,2016A000235,At birth,Females,All income groups,Health-adjusted life expectancy,Years,units,70.1
2015/2017,Manitoba,2016A000246,At birth,Both sexes,All income groups,Health-adjusted life expectancy,Years,units,67.2
2015/2017,Manitoba,2016A000246,At birth,Males,All income groups,Health-adjusted life expectancy,Years,units,66.8
2015/2017,Manitoba,2016A000246,At birth,Females,All income groups,Health-adjusted life expectancy,Years,units,67.6
2015/2017,Saskatchewan,2016A000247,At birth,Both sexes,All income groups,Health-adjusted life expectancy,Years,units,67.7
2015/2017,Saskatchewan,2016A000247,At birth,Males,All income groups,Health-adjusted life expectancy,Years,units,66.5
2015/2017,Saskatchewan,2016A000247,At birth,Females,All income groups,Health-adjusted life expectancy,Years,units,69
2015/2017,Alberta,2016A000248,At birth,Both sexes,All income groups,Health-adjusted life expectancy,Years,units,68.8
2015/2017,Alberta,2016A000248,At birth,Males,All income groups,Health-adjusted life expectancy,Years,units,68.4
2015/2017,Alberta,2016A000248,At birth,Females,All income groups,Health-adjusted life expectancy,Years,units,69.4
2015/2017,British Columbia,2016A000259,At birth,Both sexes,All income groups,Health-adjusted life expectancy,Years,units,69.6
2015/2017,British Columbia,2016A000259,At birth,Males,All income groups,Health-adjusted life expectancy,Years,units,67.9
2015/2017,British Columbia,2016A000259,At birth,Females,All income groups,Health-adjusted life expectancy,Years,units,71.3
