﻿REF_DATE,GEO,DGUID,Sex,Statistics,UOM,UOM_ID,SCALAR_FACTOR,SCALAR_ID,VECTOR,COORDINATE,VALUE
2021,Canada,2021A000011124,Both sexes,Percentage of persons with unmet health care needs,Percent,239,units,0,v1288345916,1.1.2,7.9
2022,Canada,2021A000011124,Both sexes,Percentage of persons with unmet health care needs,Percent,239,units,0,v1288345916,1.1.2,9.2
2021,Canada,2021A000011124,Males,Percentage of persons with unmet health care needs,Percent,239,units,0,v1288345918,1.2.2,6.9
2022,Canada,2021A000011124,Males,Percentage of persons with unmet health care needs,Percent,239,units,0,v1288345918,1.2.2,8
2021,Canada,2021A000011124,Females,Percentage of persons with unmet health care needs,Percent,239,units,0,v1288345920,1.3.2,8.9
2022,Canada,2021A000011124,Females,Percentage of persons with unmet health care needs,Percent,239,units,0,v1288345920,1.3.2,10.4
2021,"Canada, 15 to 24 years",,Both sexes,Percentage of persons with unmet health care needs,Percent,239,units,0,v1288345994,14.1.2,6.1
2022,"Canada, 15 to 24 years",,Both sexes,Percentage of persons with unmet health care needs,Percent,239,units,0,v1288345994,14.1.2,7.4
2021,"Canada, 15 to 24 years",,Males,Percentage of persons with unmet health care needs,Percent,239,units,0,v1288345996,14.2.2,4
2022,"Canada, 15 to 24 years",,Males,Percentage of persons with unmet health care needs,Percent,239,units,0,v1288345996,14.2.2,5.1
2021,"Canada, 15 to 24 years",,Females,Percentage of persons with unmet health care needs,Percent,239,units,0,v1288345998,14.3.2,8.2
2022,"Canada, 15 to 24 years",,Females,Percentage of persons with unmet health care needs,Percent,239,units,0,v1288345998,14.3.2,10
2021,"Canada, 25 to 34 years",,Both sexes,Percentage of persons with unmet health care needs,Percent,239,units,0,v1288346006,16.1.2,9.2
2022,"Canada, 25 to 34 years",,Both sexes,Percentage of persons with unmet health care needs,Percent,239,units,0,v1288346006,16.1.2,11.1
2021,"Canada, 25 to 34 years",,Males,Percentage of persons with unmet health care needs,Percent,239,units,0,v1288346008,16.2.2,8.2
2022,"Canada, 25 to 34 years",,Males,Percentage of persons with unmet health care needs,Percent,239,units,0,v1288346008,16.2.2,9
2021,"Canada, 25 to 34 years",,Females,Percentage of persons with unmet health care needs,Percent,239,units,0,v1288346010,16.3.2,10.2
2022,"Canada, 25 to 34 years",,Females,Percentage of persons with unmet health care needs,Percent,239,units,0,v1288346010,16.3.2,13.2
2021,"Canada, 35 to 44 years",,Both sexes,Percentage of persons with unmet health care needs,Percent,239,units,0,v1288346012,17.1.2,9.4
2022,"Canada, 35 to 44 years",,Both sexes,Percentage of persons with unmet health care needs,Percent,239,units,0,v1288346012,17.1.2,10.9
2021,"Canada, 35 to 44 years",,Males,Percentage of persons with unmet health care needs,Percent,239,units,0,v1288346014,17.2.2,7.5
2022,"Canada, 35 to 44 years",,Males,Percentage of persons with unmet health care needs,Percent,239,units,0,v1288346014,17.2.2,9.6
2021,"Canada, 35 to 44 years",,Females,Percentage of persons with unmet health care needs,Percent,239,units,0,v1288346016,17.3.2,11.4
2022,"Canada, 35 to 44 years",,Females,Percentage of persons with unmet health care needs,Percent,239,units,0,v1288346016,17.3.2,12.2
2021,"Canada, 45 to 54 years",,Both sexes,Percentage of persons with unmet health care needs,Percent,239,units,0,v1288346018,18.1.2,9.2
2022,"Canada, 45 to 54 years",,Both sexes,Percentage of persons with unmet health care needs,Percent,239,units,0,v1288346018,18.1.2,10.8
2021,"Canada, 45 to 54 years",,Males,Percentage of persons with unmet health care needs,Percent,239,units,0,v1288346020,18.2.2,8.7
2022,"Canada, 45 to 54 years",,Males,Percentage of persons with unmet health care needs,Percent,239,units,0,v1288346020,18.2.2,10
2021,"Canada, 45 to 54 years",,Females,Percentage of persons with unmet health care needs,Percent,239,units,0,v1288346022,18.3.2,9.7
2022,"Canada, 45 to 54 years",,Females,Percentage of persons with unmet health care needs,Percent,239,units,0,v1288346022,18.3.2,11.7
2021,"Canada, 55 to 64 years",,Both sexes,Percentage of persons with unmet health care needs,Percent,239,units,0,v1288346024,19.1.2,7.3
2022,"Canada, 55 to 64 years",,Both sexes,Percentage of persons with unmet health care needs,Percent,239,units,0,v1288346024,19.1.2,9.3
2021,"Canada, 55 to 64 years",,Males,Percentage of persons with unmet health care needs,Percent,239,units,0,v1288346026,19.2.2,6.8
2022,"Canada, 55 to 64 years",,Males,Percentage of persons with unmet health care needs,Percent,239,units,0,v1288346026,19.2.2,8.8
2021,"Canada, 55 to 64 years",,Females,Percentage of persons with unmet health care needs,Percent,239,units,0,v1288346028,19.3.2,7.8
2022,"Canada, 55 to 64 years",,Females,Percentage of persons with unmet health care needs,Percent,239,units,0,v1288346028,19.3.2,9.8
2021,"Canada,  65 years and over",,Both sexes,Percentage of persons with unmet health care needs,Percent,239,units,0,v1288346030,20.1.2,6.4
2022,"Canada,  65 years and over",,Both sexes,Percentage of persons with unmet health care needs,Percent,239,units,0,v1288346030,20.1.2,6.5
2021,"Canada,  65 years and over",,Males,Percentage of persons with unmet health care needs,Percent,239,units,0,v1288346032,20.2.2,5.9
2022,"Canada,  65 years and over",,Males,Percentage of persons with unmet health care needs,Percent,239,units,0,v1288346032,20.2.2,5.9
2021,"Canada,  65 years and over",,Females,Percentage of persons with unmet health care needs,Percent,239,units,0,v1288346034,20.3.2,6.9
2022,"Canada,  65 years and over",,Females,Percentage of persons with unmet health care needs,Percent,239,units,0,v1288346034,20.3.2,7.1
