"Proportion of area conserved, Canada, 1990 to 2022",,,,,,,,
,,,,,,,,
Year,"Terrestrial area protected
(square kilometres)",Percentage of terrestrial area protected,"Terrestrial area conserved
(square kilometres)",Percentage of terrestrial area conserved,"Marine area protected
(square kilometres)",Percentage of marine area protected,"Marine area conserved
(square kilometres)",Percentage of marine area conserved
1990,449506.6,4.5,449506.6,4.5,17251.8,0.3,17251.8,0.3
1991,449980.7,4.5,449980.7,4.5,17271,0.3,17271,0.3
1992,465273.7,4.7,465273.7,4.7,17695.8,0.3,17695.8,0.3
1993,480175.5,4.8,480175.5,4.8,17941.6,0.3,17941.6,0.3
1994,483692.9,4.8,483692.9,4.8,17946.2,0.3,17946.2,0.3
1995,514891.4,5.2,514891.4,5.2,19714.1,0.3,19714.1,0.3
1996,533040.1,5.3,533040.1,5.3,20574.7,0.4,20574.7,0.4
1997,541667.5,5.4,541667.5,5.4,20597.3,0.4,20597.3,0.4
1998,568695.3,5.7,568695.3,5.7,22578.5,0.4,22578.5,0.4
1999,591877.3,5.9,591877.3,5.9,22811.6,0.4,22811.6,0.4
2000,601314.6,6,601314.6,6,22910.1,0.4,22910.1,0.4
2001,629400.9,6.3,629400.9,6.3,22943.3,0.4,22943.3,0.4
2002,636748.3,6.4,636748.3,6.4,23146.6,0.4,23146.6,0.4
2003,688079.4,6.9,688079.4,6.9,26347,0.5,26347,0.5
2004,699457,7,699457,7,28745.7,0.5,28745.7,0.5
2005,726108.6,7.3,726108.6,7.3,30167.2,0.5,30167.2,0.5
2006,732968.6,7.3,732968.6,7.3,30518.1,0.5,30518.1,0.5
2007,759087.6,7.6,759087.6,7.6,30711.7,0.5,30711.7,0.5
2008,810508,8.1,810508,8.1,39591.2,0.7,39591.2,0.7
2009,841987.1,8.4,841987.1,8.4,40146.1,0.7,40146.1,0.7
2010,853519.9,8.5,853519.9,8.5,49334,0.9,49334,0.9
2011,879504.3,8.8,879504.3,8.8,49419.8,0.9,49419.8,0.9
2012,921234.3,9.2,921234.3,9.2,49421.4,0.9,49421.4,0.9
2013,955193.6,9.6,955193.6,9.6,50068.9,0.9,50068.9,0.9
2014,957149.3,9.6,957149.3,9.6,50069.4,0.9,50069.4,0.9
2015,1017569.8,10.2,1017569.8,10.2,52619.2,0.9,52619.2,0.9
2016,1021781.4,10.2,1021781.4,10.2,54976.7,1,54976.7,1
2017,1022748.8,10.2,1022748.8,10.2,61750.6,1.1,344453.8,6
2018,1090091.3,10.9,1126211.6,11.3,73209.1,1.3,355909.8,6.2
2019,1131465.9,11.3,1209430.4,12.1,511859.8,8.9,794563.7,13.8
2020,1215832.3,12.2,1293802,13,524310.6,9.1,798866.3,13.9
2021,1257605.9,12.6,1348394.6,13.5,524310.6,9.1,798866.3,13.9
2022,1264076.2,12.7,1355028.7,13.6,524310.6,9.1,842827.7,14.7
,,,,,,,,
"Note: Terrestrial area includes both land and freshwater. Area conserved includes area protected as well as other effective area-based conservation measures. In Canada, marine and terrestrial other effective area-based conservation measures were formally recognized in 2017 and 2018, respectively. Trends are estimated based on the year the site was added into the Canadian Protected and Conserved Areas Database (See QUALYEAR in the database).  For more information on the definition of protected areas and other effective area-based conservation measures, please refer to the Data sources and methods. Canada's terrestrial territory is 9 984 670 square kilometres (km2) and its marine territory is approximately 5 750 000 km2. Overlaps among protected areas and among other effective area-based conservation measures were accounted for. Data are current as of December 31, 2022.",,,,,,,,
Source: Environment and Climate Change Canada (2022) Canadian Protected and Conserved Areas Database (www.canada.ca/en/environment-climate-change/services/national-wildlife-areas/protected-conserved-areas-database.html).,,,,,,,,
Available on the Environmental indicators website (www.canada.ca/environmental-indicators).,,,,,,,,
