﻿"Treatment of main source of water by households, Canada, provinces and census metropolitan areas (CMA) 1 2 3"
"Frequency: Every 2 years"
"Table: 38-10-0277-01 (formerly CANSIM 153-0123)"
"Release date: 2023-12-08"
"Geography: Canada, Province or territory, Census metropolitan area, Census metropolitan area part"
""
""

,"Geography","Canada",,,,
"Type of supply","Treatment of drinking water","2013","2015","2017","2019","2021"
,,"Percent",,,,
"Municipal and non-municipal water supply","Treated water prior to consumption 4","53","51","52","51","52"
,"Used a filter or purifier","45","44","45","43","45"
,"Used a filter or purifier on the main supply pipe","9","9","9","10","10"
,"Used a jug filter","26","25","24","25","26"
,"Boiled water in order to make it safe to drink in the last twelve months","14","12","11","13","12"
,"Informed of a boil water advisory in the past 12 months","11","10","10","10","8"
,"Treated water due to a boil water advisory 5","99","100","96","99","100"
,"Did not treat water prior to consumption 4","47","49","48","49","47"
"Municipal water supply","Treated water prior to consumption 4","53","51","51","51","52"
,"Used a filter or purifier","44","44","44","43","44"
,"Used a filter or purifier on the main supply pipe","6","6","5","6","6"
,"Used a jug filter","27","26","25","27","28"
,"Boiled water in order to make it safe to drink in the last twelve months","16","13","12","14","13"
,"Informed of a boil water advisory in the past 12 months","12","10","11","11","9"
,"Treated water due to a boil water advisory 5","99","100","96","99","100"
,"Did not treat water prior to consumption 4","47","49","49","49","48"
"Non-municipal water supply","Treated water prior to consumption 4","53","53","57","52","55"
,"Used a filter or purifier","51","50","55","49","52"
,"Used a filter or purifier on the main supply pipe","35","37","40","35","38"
,"Used a jug filter","15","13","13","13","12"
,"Boiled water in order to make it safe to drink in the last twelve months","4","5","3","5","3"
,"Informed of a boil water advisory in the past 12 months","3E","3E","1E","2E","2E"
,"Treated water due to a boil water advisory 5","100","100","84","100","99"
,"Did not treat water prior to consumption 4","46","47","42","48","45"

Symbol legend:
E, use with caution




Footnotes:
1,"Source: Statistics Canada, Environment Accounts and Statistics Division."
2,"This CANSIM table replaces table 153-0066, which is archived. CANSIM table 153-0123 refers to households that treated their main source of water, regardless of the type of water consumed. CANSIM table 153-0066 refers to households that reported primarily consuming tap water, or tap water and bottled water."
3,"As a percentage of all households."
4,"Values may not add up to 100% as a result of rounding and due to the exclusion of respondents that did not indicate whether they treated their water prior to consumption."
5,"As a percentage of households that had been informed of a boil water advisory in the past 12 months."



"How to cite: Statistics Canada. Table 38-10-0277-01  Treatment of main source of water by households, Canada, provinces and census metropolitan areas (CMA)"
https://www150.statcan.gc.ca/t1/tbl1/en/tv.action?pid=3810027701